회사명,종목코드,폐지일자,폐지사유,label
아이엠,101390,2026-07-01,기업의 계속성 및 경영의 투명성 등을 종합적으로 고려하여 상장폐지기준에 해당한다고 결정,1
바이온,032980,2026-07-01,기업의 계속성 및 경영의 투명성 등을 종합적으로 고려하여 상장폐지기준에 해당한다고 결정,1
노블엠앤비,106520,2026-07-01,감사의견 거절(계속기업 존속능력 불확실성),1
프로브잇,227100,2026-07-01,기업의 계속성 및 경영의 투명성 등을 종합적으로 고려하여 상장폐지기준에 해당한다고 결정,1
비유테크놀러지,230980,2026-06-05,감사의견 거절(감사범위 제한 및 계속기업 존속능력 불확실성),1
선샤인푸드,217620,2026-05-08,감사의견 거절(감사범위 제한 및 계속기업 존속능력 불확실성),1
BF랩스,139050,2026-05-08,감사의견 거절(감사범위 제한),1
스튜디오산타클로스,204630,2026-03-18,감사의견 한정(감사범위 제한),1
지더블유바이텍,036180,2026-03-17,기업의 계속성 및 경영의 투명성 등을 종합적으로 고려하여 상장폐지기준에 해당한다고 결정,1
세토피아,222810,2026-03-16,감사의견 거절(계속기업 존속능력 불확실성),1
제일바이오,052670,2026-02-23,기업의 계속성 및 경영의 투명성 등을 종합적으로 고려하여 상장폐지기준에 해당한다고 결정,1
파멥신,208340,2026-01-27,기업의 계속성 및 경영의 투명성 등을 종합적으로 고려하여 상장폐지기준에 해당한다고 결정,1
인트로메딕,150840,2026-01-26,기업의 계속성 및 경영의 투명성 등을 종합적으로 고려하여 상장폐지기준에 해당한다고 결정,1
푸른소나무,057880,2026-01-22,감사의견 거절(감사범위 제한 및 계속기업 존속능력 불확실성),1
KH 미래물산,111870,2026-01-14,감사의견 거절(감사범위 제한),1
장원테크,174880,2026-01-14,감사의견 한정(감사범위 제한),1
KH 건설,226360,2026-01-14,감사의견 거절(감사범위 제한),1
에이디칩스,054630,2025-12-30,감사의견 거절(계속기업 존속능력 불확실성),1
퓨처코어,151910,2025-11-26,기업의 계속성 및 경영의 투명성 등을 종합적으로 고려하여 상장폐지기준에 해당한다고 결정,1
광림,014200,2025-11-26,기업의 계속성 및 경영의 투명성 등을 종합적으로 고려하여 상장폐지기준에 해당한다고 결정,1
이화전기,024810,2025-09-10,기업의 계속성 및 경영의 투명성 등을 종합적으로 고려하여 상장폐지기준에 해당한다고 결정,1
이트론,096040,2025-09-10,기업의 계속성 및 경영의 투명성 등을 종합적으로 고려하여 상장폐지기준에 해당한다고 결정,1
에스유앤피,019590,2025-09-08,기업의 계속성 및 경영의 투명성 등을 종합적으로 고려하여 상장폐지기준에 해당한다고 결정,1
조광ILI,044060,2025-08-21,기업의 계속성 및 경영의 투명성 등을 종합적으로 고려하여 상장폐지기준에 해당한다고 결정,1
대유,290380,2025-08-21,기업의 계속성 및 경영의 투명성 등을 종합적으로 고려하여 상장폐지기준에 해당한다고 결정,1
CNH,023460,2025-07-14,기업의 계속성 및 경영의 투명성 등을 종합적으로 고려하여 상장폐지기준에 해당한다고 결정,1
한송네오텍,226440,2025-06-19,기업의 계속성 및 경영의 투명성 등을 종합적으로 고려하여 상장폐지기준에 해당한다고 결정,1
엠에프엠코리아,323230,2025-06-19,기업의 계속성 및 경영의 투명성 등을 종합적으로 고려하여 상장폐지기준에 해당한다고 결정,1
위니아,071460,2025-06-18,감사의견 거절(감사범위 제한 및 계속기업가정 불확실성),1
제넨바이오,072520,2025-06-18,감사의견 거절(감사범위 제한 및 계속기업 가정 불확실성),1
한울BnC,214870,2025-03-31,감사의견 거절(감사범위 제한 및 계속기업가정 불확실성),1
MIT,038340,2025-03-28,기업의 계속성 및 경영의 투명성 등을 종합적으로 고려하여 상장폐지기준에 해당한다고 결정,1
셀리버리,268600,2025-03-07,감사의견 거절(감사범위 제한 및 계속기업 가정 불확실성),1
퀀타피아,078940,2025-02-19,기업의 계속성 및 경영의 투명성 등을 종합적으로 고려하여 상장폐지기준에 해당한다고 결정,1
이큐셀,160600,2025-02-14,기업의 계속성 및 경영의 투명성 등을 종합적으로 고려하여 상장폐지기준에 해당한다고 결정,1
애닉,299910,2025-02-14,기업의 계속성 및 경영의 투명성 등을 종합적으로 고려하여 상장폐지기준에 해당한다고 결정,1
골든센츄리,900280,2025-01-08,"사업보고서, 반기보고서 또는 분기보고서 미제출로 상장규정 제53조제1항제6호에 따라 관리종목으로 지정된 상태에서 공시규정 제19조제1항에 따른 사업보고서, 반기보고서 또는 분기보고서를 법정제출기한내 미제출",1
에스엘에너지,214310,2024-12-23,기업의 계속성 및 경영의 투명성 등을 종합적으로 고려하여 상장폐지기준에 해당한다고 결정,1
티엘아이,062860,2024-11-14,기업의 계속성 및 경영의 투명성 등을 종합적으로 고려하여 상장폐지기준에 해당한다고 결정,1
어스앤에어로스페이스,263540,2024-11-06,기업의 계속성 및 경영의 투명성 등을 종합적으로 고려하여 상장폐지기준에 해당한다고 결정,1
한국테크놀로지,053590,2024-10-07,해산사유 발생(파산선고),1
에이티세미콘,089530,2024-09-06,기업의 계속성 및 경영의 투명성 등을 종합적으로 고려하여 상장폐지 기준에 해당한다고 결정,1
녹원씨엔아이,065560,2024-07-29,기업의 계속성 및 경영의 투명성 등을 종합적으로 고려하여 상장폐지기준에 해당한다고 결정,1
스마트솔루션즈,136510,2024-07-25,감사의견 거절,1
이즈미디어,181340,2024-07-10,감사범위 제한,1
파나케이아,058530,2024-06-25,기업의 계속성 및 경영의 투명성 등을 종합적으로 고려하여 상장폐지기준에 해당한다고 결정,1
THE MIDONG,161570,2024-06-17,기업의 계속성 및 경영의 투명성 등을 종합적으로 고려하여 상장폐지기준에 해당한다고 결정,1
비디아이,148140,2024-06-07,기업의 계속성 및 경영의 투명성 등을 종합적으로 고려하여 상장폐지기준에 해당한다고 결정,1
아리온,058220,2024-05-03,감사의견 거절(감사범위 제한 및 계속기업 존속능력에 대한 불확실성),1
크루셜텍,114120,2024-02-15,기업의 계속성 및 경영의 투명성 등을 종합적으로 고려하여 상장폐지기준에 해당한다고 결정,1
디에스앤엘,141020,2024-01-03,기업의 계속성 및 경영의 투명성 등을 종합적으로 고려하여 상장폐지기준에 해당한다고 결정,1
엘아이에스,138690,2023-12-06,기업의 계속성 및 경영의 투명성 등을 종합적으로 고려하여 상장폐지기준에 해당한다고 결정,1
유한코스메틱,069110,2023-10-20,감사의견 거절(감사범위 제한),1
지나인제약,078650,2023-07-21,감사의견 거절(감사범위 제한 및 계속기업가정 불확실성),1
멜파스,096640,2023-07-17,기업의 계속성 및 경영의 투명성 등을 종합적으로 고려하여 상장폐지기준에 해당한다고 결정,1
엠피씨플러스,050540,2023-05-08,감사의견 거절(감사범위 제한),1
제이웨이,058420,2023-04-14,감사의견 거절(감사범위 제한 및 계속기업가정 불확실성),1
코원플레이,056000,2023-03-30,감사의견 거절(감사범위 제한 및 계속기업가정 불확실성),1
유네코,064510,2023-01-17,감사의견 거절(감사범위 제한 및 계속기업 존속능력 불확실성),1
참존글로벌,158310,2022-11-09,기업의 계속성 및 경영의 투명성 등을 종합적으로 고려하여 상장폐지기준에 해당한다고 결정,1
레드로버,060300,2022-11-04,기업의 계속성 및 경영의 투명성 등을 종합적을 고려하여 상장폐지기준에 해당한다고 결정,1
케이프이에스제4호,347140,2022-10-31,상장예비심사 청구서 미제출로 관리종목 지정 후 1개월 이내 동 사유 미해소,1
뉴로스,126870,2022-10-26,감사의견 거절(감사범위 제한 및 계속기업 존속능력 불확실성),1
연이비앤티,090740,2022-10-17,기업의 계속성 및 경영의 투명성 등을 종합적으로 고려하여 상장폐지기준에 해당한다고 결정,1
테라셈,182690,2022-10-17,감사의견 거절(감사범위 제한),1
매직마이크로,127160,2022-09-22,감사의견 거절(감사범위 제한 및 계속기업 존속능력 불확실성),1
소리바다,053110,2022-09-07,감사의견 거절(감사범위 제한),1
에이치엔티,176440,2022-06-27,기업의 계속성 및 경영의 투명성 등을 종합적을 고려하여 상장폐지기준에 해당한다고 결정,1
에스에이치엔엘,050320,2022-05-31,감사의견 거절,1
세영디앤씨,052190,2022-05-27,감사의견 거절(감사범위 제한 및 계속기업 존속능력에 대한 불확실성),1
현진소재,053660,2022-04-26,감사의견 거절(감사범위 제한 및 계속기업 존속능력에 대한 불확실성),1
스포츠서울,039670,2022-04-20,기업의 계속성 및 경영의 투명성 등을 종합적으로 고려하여 상장폐지기준에 해당한다고 결정,1
한프,066110,2022-04-06,감사의견 거절(감사범위 제한),1
지스마트글로벌,114570,2022-02-23,감사의견 거절(감사범위 제한 및 계속기업 존속능력에 대한 불확실성),1
자안바이오,221610,2022-01-05,발행한 어음 또는 수표가 주거래은행에 의하여 최종부도로 결정되거나 거래은행에 의한 거래정지,1
GV,045890,2021-12-20,해산사유 발생(파산선고),1
이엠네트웍스,087730,2021-10-08,기업의 계속성 및 경영의 투명성 등을 종합적으로 고려하여 상장폐지기준에 해당한다고 결정,1
코너스톤네트웍스,033110,2021-10-08,감사의견 거절(감사범위 제한 및 계속기업 존속능력에 대한 불확실성),1
에이아이비트,039230,2021-10-06,감사의견 거절(감사범위 제한),1
지유온,111820,2021-09-30,기업의 계속성 및 경영의 투명성 등을 종합적으로 고려하여 상장폐지기준에 해당한다고 결정,1
맥스로텍,141070,2021-09-16,발행한 어음 또는 수표가 주거래은행에 의하여 최종부도로 결정되거나 거래은행에 의한 거래정지,1
에스제이케이,080440,2021-09-13,해산사유 발생(파산선고),1
디에스티,033430,2021-09-02,감사의견 한정(감사범위 제한),1
화신테크,086250,2021-08-31,감사의견 거절(감사범위 제한),1
팍스넷,038160,2021-08-23,감사의견 거절(감사범위 제한 및 계속기업 존속능력에 대한 불확실성),1
럭슬,033600,2021-08-11,감사의견 거절(감사범위 제한),1
제낙스,065620,2021-08-09,감사의견 거절(감사범위 제한 및 계속기업 존속능력에 대한 불확실성),1
아이엠텍,226350,2021-06-11,감사의견 거절(감사범위 제한),1
퓨전,195440,2021-06-10,감사의견 거절(감사범위 제한 및 계속기업 존속능력에 대한 불확실성),1
행남사,008800,2021-06-07,기업의 계속성 및 경영의 투명성 등을 종합적으로 고려하여 상장폐지기준에 해당한다고 결정,1
에이팸,073070,2021-06-04,기업의 계속성 및 경영의 투명성 등을 종합적으로 고려하여 상장폐지기준에 해당,1
에이치디,102210,2021-04-19,기업의 계속성 및 경영의 투명성 등을 종합적으로 고려하여 상장폐지기준에 해당한다고 결정,1
미래SCI,028040,2021-04-13,"최근 2년간 3회 이상 공시규정 제19조제1항의 규정에 의한 사업보고서, 반기보고서 또는 분기보고서 법정제출기한 내 미제출",1
이매진아시아,036260,2021-02-15,기업의 계속성 및 경영의 투명성 등을 종합적으로 고려하여 상장폐지기준에 해당,1
파티게임즈,194510,2020-09-09,감사의견거절(감사범위 제한),1
코썬바이오,204990,2020-08-11,기업의 계속성 및 경영의 투명성 등을 종합적으로 고려하여 상장폐지기준에 해당한다고 결정,1
바이오빌,065940,2020-07-31,감사의견 거절(감사범위 제한 및 계속기업 존속능력에 대한 불확실성),1
모다,149940,2020-07-10,감사의견거절(감사범위 제한),1
화진,134780,2020-07-02,감사의견거절(감사범위제한),1
에스에프씨,112240,2020-06-30,감사의견 거절(감사범위 제한),1
이엘케이,094190,2020-05-22,감사의견 거절(감사범위 제한 및 계속기업 존속능력에 대한 불확실성),1
피앤텔,054340,2020-05-21,감사의견 거절(감사범위 제한 및 계속기업 존속능력에 대한 불확실성),1
에스마크,030270,2020-05-21,감사의견거절(감사범위제한 및 계속기업 존속 불확실),1
리드,197210,2020-05-14,기업의 계속성 및 경영의 투명성 등을 종합적으로 고려하여 상장폐지기준에 해당한다고 결정,1
파인넥스,123260,2020-04-10,"제28조제1항제9호에 따라 관리종목 지정 후 공시규정 제19조제1항에 따른 사업보고서 법정제출기한 내 미제출, 최근 2년간 3회 이상 공시규정 제19조제1항의 규정에 의한 사업보고서, 반기보고서 또는 분기보고서 법정제출기한 내 미제출",1
썬텍,122800,2020-02-12,기업의 계속성 및 경영의 투명성 등을 종합적으로 고려하여 상장폐지기준에 해당한다고 결정,1
제이테크놀로지,035480,2019-12-12,기업의 계속성 및 경영의 투명성 등을 종합적으로 고려하여 상장폐지기준에 해당한다고 결정,1
데코앤이,017680,2019-11-20,발행한 어음 또는 수표가 주거래은행에 의하여 최종부도로 결정되거나 거래은행에 의한 거래정지,1
에프티이앤이,065160,2019-05-03,감사의견 거절(감사범위 제한),1
차이나하오란,900090,2019-01-02,제28조제1항제9호에 따라 관리종목 지정 후 공시규정 제19조 제1항에 따른 분기보고서 법정기한 내 미제출,1
지디,155960,2018-10-12,감사의견 거절(감사범위 제한),1
우성아이비,194610,2018-10-12,감사의견거절(감사범위 제한 및 계속기업 존속능력에 대한 불확실성),1
위너지스,026260,2018-10-11,감사의견거절(감사범위 제한),1
트레이스,052290,2018-10-11,감사의견거절(감사범위 제한),1
넥스지,081970,2018-10-11,감사의견거절(감사범위제한),1
C&S자산관리,032040,2018-10-11,감사의견거절(범위제한 및 계속기업 존속능력에 대한 불확실성),1
레이젠,047440,2018-10-11,감사의견거절(감사범위 제한 및 계속기업 존속능력에 대한 불확실성),1
에임하이,043580,2018-08-10,감사의견거절(감사범위 제한),1
신텍,099660,2018-07-09,발행한 어음 또는 수표가 주거래은행에 의하여 최종부도로 결정되거나 거래은행에 의한 거래정지,1
완리,900180,2018-05-23,감사의견거절(감사범위 제한),1
스틸플라워,087220,2018-05-08,감사의견거절(감사범위 제한 및 계속기업 존속능력에 대한 불확실성),1
씨그널엔터테인먼트그룹,099830,2018-05-04,감사의견거절(감사범위 제한),1
썬코어,051170,2018-03-15,'16사업연도 감사의견거절(계속기업 존속능력에 대한 불확실성) 및 '17사업연도 반기 감사의견거절(계속기업 존속능력에 대한 불확실성),1
위노바,039790,2018-03-09,기업의 계속성 및 경영의 투명성 등을 종합적으로 고려하여 상장폐지기준에 해당한다고 결정,1
아이이,023430,2017-12-20,기업의 계속성 및 경영의 투명성 등을 종합적으로 고려하여 상장폐지기준에 해당한다고 결정,1
엔에스브이,095300,2017-09-12,"감사의견 거절(내부회계관리제도상의 취약점, 계속기업가정의 불확실성 및 재고자산 관련 감사범위 제한)",1
에스에스컴텍,036500,2017-05-11,감사의견 거절(감사범위 제한 및 계속기업 존속능력에 대한 불확실성),1
비엔씨컴퍼니,058370,2017-05-08,감사범위제한으로 인한 한정의견,1
신양오라컴,086830,2017-05-08,감사의견 거절(감사범위 제한 및 계속기업 존속능력에 대한 불확실성),1
우전,052270,2017-04-13,자본전액잠식 등,1
케이엔씨글로벌,068150,2017-03-07,기업의 계속성 및 경영의 투명성 등을 종합적으로 고려하여 상장폐지기준에 해당한다고 결정,1
아이팩토리,053810,2016-09-19,감사의견 거절(감사범위 제한 및 기업회계기준 위배),1
씨엘인터내셔널,037340,2016-09-08,2반기 연속 자본잠식률 50% 이상,1
엠제이비,074150,2016-09-05,감사의견거절(감사범위 제한),1
피엘에이,082390,2016-07-25,기업의 계속성 및 경영의 투명성 등을 종합적으로 고려하여 상장폐지기준에 해당한다고 결정,1
제이앤유글로벌,086200,2016-05-09,감사의견거절(감사범위 제한),1
오상헬스케어,036220,2016-05-09,감사의견 거절(감사범위 제한으로 인한 의견거절),1
아이디에스,078780,2016-04-28,'14사업연도 자본잠식률 50%이상 사유로 관리종목 지정 후 '15사업연도 반기 감사의견 거절,1
플렉스컴,065270,2016-04-12,자본전액잠식,1
승화프리텍,111610,2016-01-25,"기업의 계속성, 경영의 투명성 또는 그 밖에 코스닥시장의 건전성 등을 종합적으로 고려하여 상장폐지 기준에 해당한다고 결정",1
GT&T,053870,2015-10-15,'14사업연도 자본잠식률 50%이상 사유로 관리종목 지정 후 '15사업연도 반기 감사의견 거절,1
KCW,068060,2015-09-18,"기업의 계속성, 경영의 투명성 또는 그 밖에 코스닥시장의 건전성 등을 종합적으로 고려하여 상장폐지 기준에 해당한다고 결정",1
디아이디,074130,2015-07-23,"기업의 계속성, 경영의 투명성 또는 그 밖에 코스닥시장의 건전성 등을 종합적으로 고려하여 상장폐지 기준에 해당한다고 결정",1
와이즈파워,040670,2015-07-16,자본전액잠식 등,1
에이스하이텍,071930,2015-07-10,감사의견거절(감사범위 제한),1
티에스엠텍,066350,2015-05-20,발행한 어음 또는 수표가 주거래은행에 의하여 최종부도로 결정되거나 거래은행에 의한 거래정지,1
태창파로스,039850,2015-05-19,기업의 계속성 및 경영의 투명성 등을 종합적으로 고려하여 상장폐지기준에 해당한다고 결정,1
씨앤케이인터,039530,2015-05-19,기업의 계속성 및 경영의 투명성 등을 종합적으로 고려하여 상장폐지기준에 해당한다고 결정,1
잘만테크,090120,2015-05-13,감사의견 거절(계속기업 존속능력에 대한 불확실성 및 감사범위 제한),1
해피드림,065180,2015-05-04,감사범위제한으로 인한 한정의견,1
영진코퍼레이션,053330,2015-04-23,자본전액잠식,1
울트라건설,004320,2015-04-13,자본전액잠식,1
우양에이치씨,101970,2015-03-17,발행한 어음 또는 수표가 주거래은행에 의하여 최종부도로 결정되거나 거래은행에 의한 거래 정지,1
터보테크,032420,2015-01-27,기업의 계속성 및 경영의 투명성 등을 종합적으로 고려하여 상장폐지기준에 해당한다고 결정,1
디지텍시스템,091690,2015-01-21,감사의견 거절(감사범위 제한 및 계속기업 존속능력에 대한 불확실성),1
뉴아세아,013340,2014-09-02,감사의견거절(감사범위 제한 및 계속기업 존속능력에 대한 불확실성),1
디브이에스,046400,2014-09-02,감사의견거절(감사범위제한),1
유니드코리아,110500,2014-09-02,감사의견 거절(계속기업 존속능력에 대한 불확실성),1
에버테크노,070480,2014-07-17,감사의견 거절(감사범위 제한 및 계속기업 존속능력에 대한 불확실성,1
CU전자,056340,2014-05-21,최종부도 발생,1
아라온테크,041060,2014-05-08,감사의견 거절(감사범위 제한 및 계속기업 존속능력에 대한 불확실성),1
쌍용건설,012650,2014-04-11,자본전액잠식 등,1
나노트로닉스,010670,2014-04-11,기업의 계속성 및 경영의 투명성 등을 종합적으로 고려하여 상장폐지기준에 해당,1
모린스,110310,2014-04-11,자본전액잠식 등,1
태산엘시디,036210,2014-04-11,자본전액잠식등,1
렉스엘이앤지,004790,2014-03-04,"기업의 계속성, 경영의 투명성 또는 기타 코스닥시장의 건전성 등을 종합적으로 고려하여 상장폐지가 필요하다고 인정",1
테라리소스,053320,2014-02-07,기업의 계속성 및 경영의 투명성 등을 종합적으로 고려하여 상장폐지기준에 해당,1
예당,049000,2013-09-10,기업의 계속성 및 경영의 투명성 등을 종합적으로 고려하여 상장폐지기준에 해당,1
위다스,056810,2013-09-10,의견거절(감사범위 제한),1
지아이바이오,035450,2013-08-07,감사의견거절(감사범위 제한 및 계속기업으로서의 존속능력에 대한 불확실성),1
에스비엠,037630,2013-07-24,감사의견거절(감사범위 제한 및 계속기업으로서의 존속능력에 대한 불확실성),1
제너시스템즈,073930,2013-07-12,자본전액잠식,1
우경,025920,2013-07-10,감사의견거절(감사범위 제한),1
지앤에스티,036920,2013-05-07,감사의견거절(감사범위 제한),1
룩손에너지,033550,2013-05-07,감사의견거절(감사범위 제한 및 계속기업으로서의 존속능력에 대한 불확실성),1
마이스코,088700,2013-05-04,감사의견거절(계속기업으로서의 존속능력에 대한 불확실성),1
네오퍼플,028090,2013-05-03,감사의견거절(감사범위 제한 및 계속기업으로서의 존속능력에 대한 불확실성),1
에듀언스,009010,2013-05-01,감사의견거절(감사범위 제한 및 계속기업으로서의 존속능력에 대한 불확실성),1
자유투어,046840,2013-05-01,감사의견거절(감사범위 제한),1
유일엔시스,038720,2013-05-01,감사의견 부적정,1
디에스,051710,2013-05-01,감사의견거절(감사범위 제한 및 계속기업으로서의 존속능력에 대한 불확실성),1
아큐텍,013780,2013-04-23,"기업의 계속성, 경영의 투명성 또는 기타 코스닥시장의 건전성 등을 종합적으로 고려하여 상장폐지가 필요하다고 인정",1
유에이블,071530,2013-04-23,"기업의 계속성, 경영의 투명성 또는 기타 코스닥시장의 건전성 등을 종합적으로 고려하여 상장폐지가 필요하다고 인정",1
이디디컴퍼니,052650,2013-04-12,반기 재무제표에 대한 검토의견거절로 관리종목 지정후 자본잠식률 50% 이상,1
삼우이엠씨,026250,2013-04-12,자본전액잠식,1
휴먼텍코리아,066060,2013-04-12,자본전액잠식,1
엔터미디어,068420,2013-04-06,"기업의 계속성, 경영의 투명성 또는 기타 코스닥시장의 건전성 등을 종합적으로 고려하여 상장폐지가 필요하다고 인정",1
에스비아이앤솔로몬스,123910,2013-03-29,상장예비심사 청구서 미제출로 관리종목 지정 후 1개월 이내 동 사유 미해소,1
신민저축은행,031920,2013-02-27,2반기 연속 자본잠식률 50%이상,1
트라이써클,034010,2013-02-21,"기업의 계속성, 경영의 투명성 또는 기타 코스닥시장의 건전성 등을 종합적으로 고려하여 상장폐지가 필요하다고 인정",1
AD모터스,038120,2013-01-30,"기업의 계속성, 경영의 투명성 또는 기타 코스닥시장의 건전성 등을 종합적으로 고려하여 상장폐지가 필요하다고 인정",1
알에스넷,046430,2012-12-05,"기업의 계속성, 경영의 투명성 또는 기타 코스닥시장의 건전성 등을 종합적으로 고려하여 상장폐지가 필요하다고 인정",1
큐리어스,045050,2012-11-27,"기업의 계속성, 경영의 투명성 또는 기타 코스닥시장의 건전성 등을 종합적으로 고려하여 상장폐지가 필요하다고 인정",1
넷웨이브,047730,2012-11-17,기업의 계속성 및 경영의 투명성 등을 종합적으로 고려하여 상장폐지 기준에 해당한다고 결정,1
어울림 네트,042820,2012-11-17,기업의 계속성 및 경영의 투명성 등을 종합적으로 고려하여 상장폐지 기준에 해당한다고 결정,1
인스프리트,073130,2012-10-12,자본잠식률 50% 이상으로 관리종목 지정 이후 최근 반기의 재무제표에 대한 감사인의 감사의견거절 등,1
SSCP,071660,2012-09-29,최종부도 발생,1
유아이에너지,050050,2012-09-26,자본전액잠식,1
성융광전투자,900150,2012-09-26,감사의견거절(감사범위 제한 및 계속기업존속능력 불확실성),1
동양텔레콤,007150,2012-09-11,2회 연속 자본잠식률 50%이상,1
어울림엘시스,033280,2012-09-11,2반기 연속 자본잠식률 50%이상,1
어울림정보,038320,2012-09-08,2반기 연속 자본잠식률 50%이상,1
엔케이바이오,019260,2012-09-05,"기업의 계속성, 경영의 투명성 또는 기타 코스닥시장의 건전성 등을 종합적으로 고려하여 상장폐지 기준에 해당한다고 결정",1
금강제강,105070,2012-08-14,최종부도 발생,1
디에이치패션,045260,2012-08-01,"기업의 계속성, 경영의 투명성 또는 기타 코스닥시장의 건전성 등을 종합적으로 고려하여 상장폐지가 필요하다고 인정",1
엔스퍼트,098400,2012-07-24,"기업의계속성, 경영의 투명성 또는 기타 코스닥시장의 건전성 등을 종합적으로 고려하여 상장폐지 기준에 해당한다고 결정",1
한림창투,021060,2012-06-27,"기업의계속성, 경영의 투명성 또는 기타 코스닥시장의 건전성 등을 종합적으로 고려하여 상장폐지 기준에 해당한다고 결정",1
클루넷,067130,2012-06-08,"기업의 계속성, 경영의 투명성 또는 기타 코스닥시장의 건전성 등을 종합적으로 고려하여 상장폐지 기준에 해당한다고 결정",1
평안물산,037240,2012-06-01,감사의견거절(감사범위제한),1
JH코오스,065310,2012-05-31,기업의 계속성 및 경영의 투명성 등을 종합적으로 고려하여 상장폐지 기준에 해당한다고 결정,1
블루젬디앤씨,053040,2012-05-17,감사의견거절(감사범위 제한 및 계속기업존속 불확실성),1
CT&T,050470,2012-05-01,감사 의견거절(감사범위 제한),1
아인스M&M,040740,2012-05-01,감사의견거절(감사범위 제한 및 계속기업존속 불확실성),1
폴리플러스,065610,2012-05-01,감사의견거절(감사범위제한),1
보광티에스,066690,2012-05-01,감사의견 거절(감사범위 제한 및 계속기업존속불확실성),1
비앤비성원,015200,2012-05-01,감사의견거절(감사범위제한),1
에이프로테크놀로지,045470,2012-04-24,사업보고서 법정제출기한 익일부터 10일 이내 미제출 등,1
에피밸리,068630,2012-04-24,사업보고서 법정제출기한 익일부터 10일 이내 미제출,1
미주제강,002670,2012-04-17,발행한 어음 또는 수표가 주거래은행에 의하여 최종부도로 결정되거나 거래은행에 의한 거래 정지,1
코아에스앤아이,052350,2012-04-17,감사의견거절(감사범위 제한),1
평산,089480,2012-04-13,감사의견거절(감사범위제한),1
엘앤씨피,015390,2012-04-13,감사의견거절(감사범위제한),1
아이스테이션,056010,2012-04-13,자본전액잠식 등,1
미리넷,056710,2012-04-13,자본전액잠식,1
미성포리테크,094700,2012-04-13,자본전액잠식,1
씨티엘테크,088960,2012-02-08,기업의 계속성 및 경영의 투명성 등을 종합적으로 고려하여 상장폐지 기준에 해당한다고 결정,1
에이원마이크로,037380,2012-02-01,기업의 계속성 및 경영의 투명성 등을 종합적으로 고려하여 상장폐지 기준에 해당한다고 결정,1
엔하이테크,046720,2012-02-01,기업의 계속성 및 경영의 투명성 등을 종합적으로 고려하여 상장폐지 기준에 해당한다고 결정,1
지앤디윈텍,061050,2012-01-20,기업의 계속성 및 경영의 투명성 등을 종합적으로 고려하여 상장폐지 기준에 해당한다고 결정,1
엘앤피아너스,061140,2011-12-28,"기업의 계속성, 경영의 투명성 또는 기타 코스닥시장의 건전성 등을 종합적으로 고려하여 상장폐지가 필요하다고 결정",1
그린기술투자,025340,2011-12-28,기업의 계속성 및 경영의 투명성 등을 종합적으로 고려하여 상장폐지 기준에 해당한다고 결정,1
에스티씨라이프,026220,2011-11-29,기업의 계속성 및 경영의 투명성 등을 종합적으로 고려하여 상장폐지 기준에 해당한다고 결정,1
네스테크,037540,2011-11-26,"기업의 계속성, 경영의 투명성 또는 기타 코스닥시장의 건전성 등을 종합적으로 고려하여 상장폐지 기준에 해당한다고 결정",1
아시아미디어홀딩스,052810,2011-11-22,"기업의 계속성, 경영의 투명성 또는 기타 코스닥시장의 건전성 등을 종합적으로 고려하여 상장폐지 기준에 해당한다고 결정",1
네프로아이티,950030,2011-11-05,기업의 계속성 및 경영의 투명성 등을 종합적으로 고려하여 상장폐지 기준에 해당한다고 결정,1
클라스타,037550,2011-10-26,"자본잠식률 50% 이상으로 관리종목 지정 후, 최근 반기의 재무제표에 대한 감사인의 감사의견 거절",1
대양글로벌,040180,2011-10-25,감사의견거절(감사범위 제한),1
제일창투,026540,2011-10-14,감사의견거절(감사범위제한),1
토자이홀딩스,037700,2011-10-12,기업의 계속성 및 경영의 투명성 등을 종합적으로 고려하여 상장폐지 기준에 해당한다고 결정,1
선팩테크,054010,2011-10-06,감사의견거절(감사범위 제한 및 계속기업으로서의 존속능력에 대한 불확실성),1
에코페트로시스템,042870,2011-10-06,감사의견거절(감사범위 제한 및 계속기업으로서의 존속능력에 대한 불확실성),1
씨모텍,081090,2011-09-23,감사의견거절(감사범위 제한 및 계속기업으로서의 존속능력에 대한 불확실성) 등,1
히스토스템,036840,2011-09-15,"기업의 계속성, 경영의 투명성 또는 기타 코스닥시장의 건전성등을 종합적으로 고려하여 상장폐지가 필요하다고 인정",1
케이에스알,066340,2011-09-09,자본잠식률 50% 이상으로 관리종목 지정 후 반기보고서 법정제출기한 익일부터 10일 이내 반기 검토(감사)보고서 미제출,1
세계투어,047600,2011-09-09,자본잠식률 50% 이상으로 관리종목 지정 후 반기보고서 법정제출기한 익일부터 10일이내 반기검토(감사)보고서 미제출,1
이룸지엔지,050640,2011-08-20,"기업의 계속성, 경영의 투명성 또는 기타 코스닥시장의 건전성 등을 종합적으로 고려하여 상장폐지가 필요하다고 인정",1
글로웍스,034600,2011-06-29,자본잠식률 50%이상으로 관리종목 지정 후 반기 재무제표에 대한 감사의견 거절,1
에코솔루션,052510,2011-06-16,감사의견거절(감사범위 제한 및 계속기업으로서의 존속능력에 대한 불확실성),1
헤파호프,039350,2011-06-16,기업의 계속성 및 경영의 투명성 등을 종합적으로 고려하여 상장폐지 기준에 해당한다고 결정,1
에듀패스,031950,2011-06-09,"기업의 계속성, 경영의 투명성 또는 기타 코스닥시장의 건전성 등을 종합적으로 고려하여 상장폐지가 필요하다고 인정",1
디패션,030420,2011-05-07,감사의견 부적정,1
나이스메탈,072530,2011-05-07,감사의견거절(감사범위 제한 및 계속기업으로서의 존속능력에 대한 불확실성),1
콜마파마,038710,2011-05-07,감사의견거절(계속기업으로서의 존속능력에 대한 불확실성),1
지노시스템,033850,2011-05-07,감사의견거절(감사범위제한),1
넥서스투자,019430,2011-04-29,감사의견거절(감사범위제한),1
맥스브로,088810,2011-04-29,감사의견거절(감사범위 제한 및 계속기업으로서의 존속능력에 대한 불확실성),1
세븐코스프,017160,2011-04-29,감사의견거절(감사범위제한 및 계속기업으로서의 존속능력에 대한 불확실성),1
유니텍전자,039040,2011-04-29,감사의견거절(감사범위 제한 및 계속기업으로서의 존속능력에 대한 불확실성),1
지앤알,043630,2011-04-29,감사의견거절(감사범위 제한 및 계속기업으로서의 존속능력에 대한 불확실성),1
뉴젠아이씨티,054150,2011-04-29,감사의견거절(감사범위제한),1
엔빅스,054170,2011-04-29,감사의견거절(감사범위 제한),1
알티전자,032290,2011-04-23,사업보고서 법정제출기한 익일부터 10일 이내 미제출,1
포휴먼,049690,2011-04-23,사업보고서 법정제출기한 익일부터 10일이내 미제출,1
한와이어리스,037020,2011-04-23,사업보고서 법정제출기한 익일부터 10일이내 미제출,1
제이콤,060750,2011-04-16,최종부도 발생,1
엠엔에프씨,048640,2011-04-13,자본전액잠식 등,1
대선조선,031990,2011-04-13,자본전액잠식 등,1
스톰이앤에프,043680,2011-04-13,자본전액잠식 등,1
중앙디자인,030030,2011-04-13,자본전액잠식,1
경윤하이드로,019120,2011-04-06,기업의 계속성 및 경영의 투명성 등을 종합적으로 고려하여 상장폐지 기준에 해당한다고 결정,1
핸디소프트,032380,2011-03-03,기업의 계속성 및 경영의 투명성 등을 종합적으로 고려하여 상장폐지 기준에 해당한다고 결정,1
에스브이에이치,046240,2011-02-12,기업의 계속성 및 경영의 투명성 등을 종합적으로 고려하여 상장폐지 기준에 해당한다고 결정,1
세실,084450,2011-02-10,감사의견거절(범위제한 및 계속기업 존속 불확실성),1
네이쳐글로벌,088020,2011-01-08,"기업의 계속성, 경영의 투명성 또는 기타 코스닥시장의 건전성 등을 종합적으로 고려하여 상장폐지 기준에 해당한다고 결정",1
엠씨티티코어,052210,2010-12-04,"기업의 계속성, 경영의 투명성 또는 기타 코스닥시장의 건전성 등을 종합적으로 고려하여 상장폐지 기준에 해당한다고 결정",1
이앤텍,047450,2010-11-30,"기업의 계속성, 경영의 투명성 또는 기타 코스닥시장의 건전성 등을 종합적으로 고려하여 상장폐지 기준에 해당한다고 결정",1
태광이엔시,048140,2010-11-25,"기업의 계속성, 경영의 투명성 또는 기타 코스닥시장의 건전성 등을 종합적으로 고려하여 상장폐지 기준에 해당한다고 결정",1
테스텍,048510,2010-11-10,최근 사업연도말 기준으로 자본잠식률 100분의 50 이상 및 자기자본 10억원 미만의 사유로 관리종목으로 지정된 후 최근 반기말 외부감사인의 감사보고서상 계속기업 존속능력에 대한 불확실성으로 인한 의견거절 발생,1
하이드로젠파워,070080,2010-11-06,최종부도,1
올리브나인,052970,2010-10-20,"기업의 계속성, 경영의 투명성 또는 기타 코스닥시장의 건전성 등을 종합적으로 고려하여 상장폐지 기준에 해당한다고 결정",1
투미비티,058900,2010-10-12,"기업의 계속성, 경영의 투명성 또는 기타 코스닥시장의 건전성 등을 종합적으로 고려하여 상장폐지 기준에 해당한다고 결정",1
다휘,055250,2010-10-01,"기업의 계속성, 경영의 투명성 또는 기타 코스닥시장의 건전성 등을 종합적으로 고려하여 상장폐지 기준에 해당한다고 결정",1
브이에스에스티,035400,2010-10-01,기업의 계속성 및 경영의 투명성 등을 종합적으로 고려하여 상장폐지가 필요하다고 인정,1
지오엠씨,033030,2010-09-25,"기업의 계속성, 경영의 투명성 또는 기타 코스닥시장의 건전성 등을 종합적으로 고려하여 상장폐지 기준에 해당한다고 결정",1
인네트,041450,2010-09-14,최종부도 발생,1
네오세미테크,089240,2010-09-03,감사의견거절(감사범위 제한),1
퓨쳐인포넷,058690,2010-08-26,기업의 계속성 및 경영의 투명성 등을 종합적으로 고려하여 상장폐지가 필요하다고 인정,1
쎄라텍,041550,2010-08-25,"기업의 계속성, 경영의 투명성 또는 기타 코스닥시장의 건전성 등을 종합적으로 고려하여 상장폐지 기준에 해당한다고 결정",1
모라리소스,018890,2010-07-22,"기업의 계속성, 경영의 투명성 또는 기타 코스닥시장의 건전성 등을 종합적으로 고려하여 상장폐지 기준에 해당한다고 결정",1
액티투오,047710,2010-07-21,"기업의 계속성, 경영의 투명성 또는 기타 코스닥시장의 건전성 등을 종합적으로 고려하여 상장폐지 기준에 해당한다고 결정",1
메카포럼,035830,2010-07-16,"기업의 계속성, 경영의 투명성 또는 기타 코스닥시장의 건전성 등을 종합적으로 고려하여 상장폐지 기준에 해당한다고 결정",1
샤인시스템,066300,2010-06-29,"기업의 계속성, 경영의 투명성 또는 기타 코스닥시장의 건전성 등을 종합적으로 고려하여 상장폐지 기준에 해당한다고 결정",1
선우중공업,068770,2010-06-17,"기업의 계속성, 경영의 투명성 또는 기타 코스닥시장의 건전성 등을 종합적으로 고려하여 상장폐지 기준에 해당한다고 결정",1
알이엔,023670,2010-06-17,"기업의 계속성, 경영의 투명성 또는 기타 코스닥시장의 건전성 등을 종합적으로 고려하여 상장폐지 기준에 해당한다고 결정",1
바이나믹,067850,2010-05-19,당해 코스닥시장상장법인의 계속성 및 경영의 투명성 등을 종합적으로 고려한 결과 상장폐지기준에 해당한다고 결정,1
단성일렉트론,085990,2010-05-08,감사의견거절(감사범위제한),1
인젠,041630,2010-05-08,감사범위제한으로 인한 의견거절,1
오페스,053470,2010-05-08,감사범위제한으로 인한 감사의견 거절,1
해원에스티,058480,2010-05-08,감사범위제한으로 인한 감사의견거절,1
보홍,041320,2010-05-08,감사의견거절(감사범위제한),1
쏠라엔텍,030390,2010-05-08,감사의견거절(감사범위제한 및 계속기업 존속 불확실),1
하이스마텍,057100,2010-05-08,감사의견거절(감사범위제한),1
엑스로드,074140,2010-05-08,감사범위제한으로 인한 의견거절,1
이루넷,041030,2010-05-05,감사범위제한으로 인한 감사의견 거절,1
지엔텍홀딩스,065410,2010-05-05,감사의견거절(감사범위제한 및 계속기업 존속 불확실),1
아구스,078670,2010-05-01,감사의견거절(감사범위제한 및 계속기업 존속 불확실),1
JS,037110,2010-05-01,감사의견거절(감사범위제한),1
에버리소스,020070,2010-05-01,감사범위제한 및 계속기업존속능력에 대한 불확실성으로 인한 감사의견거절,1
CL,035710,2010-05-01,감사범위제한으로 인한 감사의견거절,1
포네이처,045290,2010-04-23,사업보고서 법정제출기한 익일부터 10일이내 미제출,1
폴켐,033190,2010-04-23,사업보고서 법정제출기한 익일부터 10일이내 미제출,1
테이크시스템,076090,2010-04-23,감사의견거절(감사범위제한),1
에스피코프,048130,2010-04-20,최종부도 발생,1
에이스일렉,038690,2010-04-17,감사의견거절(감사범위제한),1
쌈지,033260,2010-04-17,최종부도 발생,1
제넥셀,034660,2010-04-15,감사범위제한으로 인한 감사의견 거절,1
쓰리디월드,065340,2010-04-15,감사의견거절(감사범위제한),1
대주코레스,008340,2010-04-13,자본전액잠식,1
일공공일안경,032030,2010-04-13,자본전액잠식,1
유퍼트,060670,2010-04-13,자본전액잠식,1
중앙바이오텍,015170,2010-04-13,자본전액잠식,1
사이노젠,064060,2010-04-13,자본전액잠식,1
유티엑스,045880,2010-04-10,기업의 계속성 및 경영의 투명성 등을 종합적으로 고려하여 상장폐지가 필요하다고 인정,1
스타맥스,017050,2010-04-05,"기업의 계속성, 경영의 투명성 또는 기타 코스닥시장의 건전성 등을 종합적으로 고려하여 상장폐지가 필요하다고 인정",1
GK파워,054020,2010-04-03,최종부도,1
아이알디,084810,2010-04-01,당해 코스닥시장상장법인의 계속성 및 경영의 투명성 등을 종합적으로 고려한 결과 상장폐지기준에 해당한다고 결정,1
제너비오믹스,017010,2010-03-26,- 주된 영업이 정지되어 코스닥시장상장규정 제38조제2항제1호(삭제 ‘09.12.2)의 상장폐지기준 해당 / 기업의 계속성 및 경영의 투명성 등을 종합적으로 고려한 결과 코스닥시장상장규정 제38조제2항제5호라목(신설 ‘09.12.2)의 상장폐지기준 해당,1
비전하이테크,015050,2010-03-09,"기업의 계속성, 경영의 투명성 또는 기타 코스닥시장의 건전성 등을 종합적으로 고려하여 상장폐지가 필요하다고 인정",1
코어비트,056850,2010-03-09,"기업의 계속성, 경영의 투명성 또는 기타 코스닥시장의 건전성 등을 종합적으로 고려하여 상장폐지가 필요하다고 인정",1
코디콤,041800,2010-03-09,"기업의 계속성, 경영의 투명성 또는 기타 코스닥시장의 건전성 등을 종합적으로 고려하여 상장폐지가 필요하다고 인정",1
동산진흥,031960,2010-02-20,"기업의 계속성, 경영의 투명성 또는 기타 코스닥시장의 건전성 등을 종합적으로 고려하여 상장폐지기준에 해당한다고 결정",1
티이씨,067950,2010-02-20,당해 코스닥시장상장법인의 계속성 및 경영의 투명성 등을 종합적으로 고려한 결과 상장폐지기준에 해당한다고 결정,1
이롬텍,045400,2010-02-11,"정기보고서 미제출로 관리종목 지정후 법정제출기한내 사업보고서 미제출, 2회 연속 정기주주총회 미개최 또는 재무제표 미승인, 자본전액잠식",1
글로포스트,037830,2010-02-09,"기업의 계속성, 경영의 투명성 또는 기타 코스닥시장의 건전성 등을 종합적으로 고려하여 상장폐지가 필요하다고 인정",1
디보스,080140,2010-02-02,자본잠식률 50%이상사유로 관리종목지정후 반기 감사의견 부적정,1
비엔디,047940,2010-01-29,당해 코스닥시장상장법인의 계속성 및 경영의 투명성 등을 종합적으로 고려한 결과 상장폐지기준에 해당한다고 결정,1
굿라이프10-MF,037510,2010-01-26,자본시장과금융투자업에관한법률 제202조제1항에 의한 해산사유에 해당하는 경우,1
케너텍,062730,2009-12-23,회생절차폐지결정사유 및 당해 코스닥시장상장법인의 계속기업 가능성 유무를 고려한 결과 상장폐지기준에 해당한다고 결정,1
모빌탑,085680,2009-11-25,"기업의 계속성, 경영의 투명성 또는 기타 코스닥시장의 건전성 등을 종합적으로 고려하여 상장폐지가 필요하다고 인정",1
플러스프로핏,036660,2009-11-20,감사범위 제한에 따른 감사의견 거절,1
소예,035010,2009-11-03,최근 사업연도의 재무제표에 대한 감사인의 감사의견거절,1
아이드림,066850,2009-10-07,자본잠식률 50%이상으로 관리종목 지정 후 반기 재무제표에 대한 감사의견 거절,1
제네시스,052640,2009-10-07,"기업의 계속성, 경영의 투명성 또는 기타 코스닥시장의 건전성 등을 종합적으로 고려하여 상장폐지가 필요하다고 인정",1
에이엠에스,044770,2009-10-07,"자본전액잠식, 2반기 연속 자본잠식률 50%이상, 2반기 연속 자기자본 10억원 미만",1
카라반케이디이,032570,2009-09-18,발행한 어음 또는 수표가 주거래은행에 의하여 최종부도로 결정되거나 거래은행에 의한 거래 정지,1
네오리소스,058550,2009-09-15,자본잠식률 50%이상 및 자기자본 10억원 미만으로 관리종목 지정 후 반기의 재무제표에 대한 감사의견 거절,1
써니트렌드,035500,2009-09-04,-2회연속 자본잠식률 50%이상  -2회연속 자기자본 10억원미만  -자본잠식률 50%이상 및 자기자본 10억원미만으로 관리종목 지정후 최근 반기 재무제표에 대한 외부감사인의 감사의견 의견거절,1
뉴젠비아이티,054650,2009-09-04,반기보고서 법정제출기한 익일부터 10일이내 반기검토(감사)보고서 미제출,1
블루멈,033880,2009-09-04,"- 2회연속 자본잠식률 50% 이상  - 2009.3.31 자본잠식률 50% 이상으로 관리종목 지정 후,  최근 반기의 재무제표에 대한 감사인의 감사의견 거절",1
MTRON,046320,2009-08-28,2회연속 자본잠식률 50%이상 및 자기자본 10억원 미만,1
케이알,035950,2009-08-21,감사범위제한으로 인한 감사의견거절 및 계속기업 불확실성으로 인한 감사의견거절 사유해소 확인서 미제출,1
케이엠에스,038830,2009-08-08,"기업의 계속성, 경영의 투명성 또는 기타 코스닥시장의 건전성 등을 종합적으로 고려하여 상장폐지가 필요하다고 인정",1
사이버패스,063280,2009-07-08,"기업의 계속성, 경영의 투명성 또는 기타 코스닥시장의 건전성 등을 종합적으로 고려하여 상장폐지가 필요하다고 인정",1
ST&I,031800,2009-07-01,"기업의 계속성, 경영의 투명성 또는 기타 코스닥시장의 건전성 등을 종합적으로 고려하여 상장폐지가 필요하다고 인정",1
삼성수산,052560,2009-07-01,"기업의 계속성, 경영의 투명성 또는 기타 코스닥시장의 건전성 등을 종합적으로 고려하여 상장폐지가 필요하다고 인정",1
하이럭스,079340,2009-06-24,"기업의 계속성, 경영의 투명성 또는 기타 코스닥시장의 건전성 등을 종합적으로 고려하여 상장폐지가 필요하다고 인정",1
헤쎄나,036270,2009-06-17,"기업의 계속성, 경영의 투명성 또는 기타 코스닥시장의 건전성 등을 종합적으로 고려하여 상장폐지가 필요하다고 인정",1
지디코프,036610,2009-06-17,"기업의 계속성, 경영의 투명성 또는 기타 코스닥시장의 건전성 등을 종합적으로 고려하여 상장폐지가 필요하다고 인정",1
코아정보,039990,2009-06-10,"기업의 계속성, 경영의 투명성 또는 기타 코스닥시장의 건전성 등을 종합적으로 고려하여 상장폐지가 필요하다고 인정",1
트리니티,053070,2009-06-03,"기업의 계속성, 경영의 투명성 또는 기타 코스닥시장의 건전성 등을 종합적으로 고려하여 상장폐지가 필요하다고 인정",1
지이엔에프,038920,2009-05-29,"기업의 계속성, 경영의 투명성 또는 기타 코스닥시장의 건전성 등을 종합적으로 고려하여 상장폐지가 필요하다고 인정",1
사라콤,040020,2009-05-27,자본전액잠식,1
야호,059720,2009-05-27,감사의견거절(감사범위제한),1
자강,036790,2009-05-15,감사의견거절(계속기업 존속 불확실성),1
블루스톤,033720,2009-05-15,감사의견거절(계속기업으로서의 존속능력에 대한 불확실성),1
포넷,048270,2009-05-04,자본전액잠식,1
코스모스피엘씨,053170,2009-04-30,자본전액잠식,1
IDH,026230,2009-04-29,감사범위 제한에 따른 감사의견 거절,1
나노하이텍,071360,2009-04-29,감사의견거절(감사범위제한),1
IC코퍼레이션,080570,2009-04-29,감사의견거절(감사범위제한),1
팬텀엔터그룹,025460,2009-04-29,감사범위 제한에 따른 감사의견 거절,1
쿨투,056020,2009-04-29,감사의견거절(감사범위제한),1
엑스씨이,081500,2009-04-29,감사의견거절(감사범위제한),1
케이이엔지,077960,2009-04-29,감사의견거절(감사범위제한),1
3SOFT,036360,2009-04-29,감사의견거절(감사범위제한),1
뉴켐진스템셀,036280,2009-04-24,"기업의 계속성, 경영의 투명성 또는 기타 코스닥시장의 건전성 등을 종합적으로 고려하여 상장폐지가 필요하다고 인정",1
희훈디앤지,019640,2009-04-23,자본전액잠식,1
트라이콤,038410,2009-04-23,법정제출기한까지 사업보고서를 제출하지 아니한 후 법정제출기한의 다음날부터 10일 이내에 사업보고서 미제출,1
모빌링크,041310,2009-04-23,자본전액잠식,1
KNS홀딩스,036760,2009-04-23,"감사의견거절(감사범위제한), 법정제출기한까지 사업보고서를 제출하지 아니한 후 법정제출기한의 다음날부터 10일 이내에 사업보고서 미제출",1
PW제네틱스,065910,2009-04-18,감사의견거절(감사범위제한),1
미디어코프,053890,2009-04-11,자본전액잠식,1
디에스피,016040,2009-04-11,자본전액잠식,1
산양전기,079870,2009-04-11,자본전액잠식,1
포이보스,038810,2009-04-11,자본전액잠식,1
이노블루,066200,2009-04-11,"2년연속 매출액 30억원 미달, 자본전액잠식",1
에프아이투어,047370,2009-04-11,자본전액잠식,1
우수씨엔에스,060550,2009-04-11,자본전액잠식,1
케이디세코,073780,2009-04-11,2회 연속 자본잠식률 50%이상,1
도움,078610,2009-04-11,자본전액잠식,1
아이비진,039060,2008-12-20,최종부도,1
세라온,050600,2008-09-09,2회연속 자본잠식률 50%이상,1
베스트플로우,060410,2008-08-25,2연속 자본잠식률 50%이상 및 자기자본 10억원 미만,1
한통데이타,045760,2008-06-13,감사의견거절(감사범위제한),1
한도하이테크,060660,2008-05-03,감사의견거절(감사범위제한),1
조이토토,044370,2008-05-03,감사의견거절(감사범위제한),1
두림티앤씨,033330,2008-05-03,감사의견거절(감사범위제한),1
에너윈,055970,2008-05-03,감사의견거절(감사범위제한),1
한텔,041940,2008-04-23,2연속 자본잠식률 50% 이상,1
청람디지탈,035270,2008-04-23,법정제출기한까지 사업보고서를 제출하지 아니한 후 법정제출기한의 다음날부터 10일 이내에 사업보고서 미제출,1
UC아이콜스,065810,2008-04-17,"자본전액잠식, 2회연속 자본잠식률 50%이상, 2회연속 자기자본 10억원 미만",1
모델라인,064720,2008-04-12,"자본전액잠식,최근3사업연도 연속 자기자본 대비 50%초과 법인세차감전계속사업손실",1
시큐리티KOR,066330,2008-04-12,2연속 자본잠식률 50%이상 및 자기자본 10억원 미만,1
퓨쳐비젼,042570,2008-04-12,자본전액잠식,1
엔토리노,032590,2008-04-12,자본전액잠식,1
우영,012460,2008-03-13,최종부도,1
씨엔씨엔터,038420,2007-08-29,2회연속 자본잠식률 50% 이상 및 자기자본 10억원 미만,1
이레전자산업,045310,2007-05-08,자본전액잠식,1
제이엠피,054790,2007-04-24,감사의견거절,1
엠텍반도체,054440,2007-04-13,자본전액잠식,1
예일바이오텍,054250,2007-04-11,"감사의견거절, 자본전액잠식, 2년 연속 자본잠식률 50% 이상",1
시큐어소프트,037060,2007-04-04,재감사보고서상 감사의견거절,1
VK,048760,2006-07-22,최종부도,1
엘케이엔씨,047420,2006-07-13,감사의견 범위제한 의견거절,1
휘튼,066480,2006-04-25,감사의견거절(상장폐지사유발생일 : 2006년 4월 10일),1
세니콘,056060,2006-04-08,감사범위제한으로 인한 의견거절(상장폐지사유 발생일 : 2006년 03월 27일),1
아이티센네트웍스,057110,2005-10-22,"최근사업연도말 현재 자본잠식률 100분의50이상의 사유로 관리종목지정된 후, 최근 반기말기준으로 감사의견거절 및 반기말 자본잠식률이 100분의 50 이상",1
알루코,021570,2005-10-13,최종부도(상장폐지사유 발생일 : 2005년 09월 27일),1
이지클럽,038980,2005-09-10,최근사업연도말 기준 자본잠식률 100분의 50이상의 사유로 관리종목지정 후 법정제출기한 다음날로부터 10일이내 반기보고서 미제출,1
파워넷,037030,2005-08-31,최근사업연도말 현재 자본잠식률 100분의50이상의 사유로 관리종목지정 후 최근 반기말 현재 자본잠식률이 100분의 50이상,1
케이티씨텔레콤,055810,2005-08-13,최종부도(상장폐지사유 발생일 : 2005년 07월 29일),1
아이텍스필,008030,2005-06-02,최종부도(상장폐지사유 발생일 : 2005년 05월 02일),1
현주컴퓨터,038960,2005-05-11,최종부도(상장폐지사유 발생일 : 2005년 04월 25일),1
솔빛미디어,044440,2005-04-26,감사의견거절(상장폐지사유 발생일 : 2005년 04월 11일),1
후야인포넷,032050,2005-04-26,자본전액잠식(상장폐지사유 발생일 : 2005년 04월 11일),1
택산아이엔씨,036900,2005-04-23,감사의견거절,1
에스오케이,032610,2005-04-21,감사의견거절(상장폐지사유 발생일 : 2005년 04월 06일),1
BET,036820,2005-04-21,감사범위제한 한정(상장폐지사유 발생일 : 2005년 03월 21일),1
하우리,049130,2005-04-20,감사의견거절(상장폐지사유 발생일 : 2005년 03월 21일),1
케이엔티,036590,2005-04-16,자본전액잠식(상장폐지사유발생일 : 2005년 03월 31일),1
창민테크,042960,2005-04-13,감사의견거절(상장폐지사유 발생일 : 2005년 03월 28일),1
업필,054370,2005-04-12,감사의견거절(상장폐지사유 발생일 : 2005년 03월 26일),1
넥스텔,037220,2005-04-09,최종부도(상장폐지사유 발생일 : 2005년 03월 24일),1
아이엠아이티,038100,2005-04-08,감사의견거절(상장폐지사유 발생일 : 2005년 03월 23일),1
텔슨정보통신,018180,2005-04-07,감사의견거절(상장폐지사유 발생일 : 2005년 03월 22일),1
슈마,056500,2005-04-05,감사의견거절(상장폐지사유 발생일 : 2005년 03월 22일),1
성진산업,037650,2005-04-05,감사의견거절(상장폐지사유 발생일 : 2005년 03월 21일),1
한아시스템,036020,2005-04-02,감사의견 부적정(상장폐지사유 발생일 : 2005년 03월 21일),1
엔에스아이,053250,2005-04-02,감사의견거절(상장폐지사유 발생일 : 2005년 03월 19일),1
지니웍스,036600,2005-04-02,감사의견거절(상장폐지사유 발생일 : 2005년 03월 18일),1
맥시스템,036880,2005-03-31,감사의견거절(상장폐지사유 발생일 : 2005년 03월 16일),1
우주통신,054080,2005-03-30,감사의견거절(상장폐지사유 발생일 : 2005년 03월 15일,1
동방라이텍,025690,2005-03-12,감사의견거절(상장폐지사유 발생일 : 2005년 02월 24일),1
굿라이프5-MF,037500,2005-02-24,간접투자자산운용업법 제110조(구 증권투자회사법 제64조)에 의한 해산사유발생,1
지에스엔텍,037640,2005-01-24,최종부도(등록취소사유발생일 : 2005년 1월 7일),1
현대멀티캡,035910,2005-01-19,최종부도(등록취소사유발생일: 2005년 1월 4일),1
한신코퍼,037120,2004-10-21,감사의견 거절(취소사유발생일 : 2004년 9월 30일),1
테크메이트,043690,2004-10-16,최종부도(취소사유발생일: 2004년 10월 1일),1
한마음저축은행,025450,2004-10-07,감사의견부적정(취소사유발생일 : 2004년 9월 17일),1
모디아,046000,2004-08-11,감사의견부적정(취소사유발생일 : 2004년 3월 27일),1
텔슨전자,027350,2004-08-10,최종부도(취소사유발생일: 2004년 7월 26일),1
호성,035870,2004-06-12,최종부도(취소사유발생일 : 2004년 5월 28일),1
대흥멀티통신,037250,2004-05-11,최종부도(취소사유발생일 : 2004년 4월 23일),1
모닷텔,048150,2004-04-29,최종부도(취소사유발생일 : 2004년 4월 13일),1
3R,037730,2004-04-22,자본전액잠식(취소사유발생일 : 2004년 4월 6일),1
트래픽아이티에스,038050,2004-04-22,감사의견거절(취소사유발생일 : 2004년 3월 30일),1
코리아이앤디,027440,2004-04-14,감사의견거절(취소사유발생일 : 2004년 3월 29일),1
써미트,039000,2004-04-13,감사의견거절(취소사유발생일 : '04.3.26),1
엔써,037750,2004-04-13,감사의견거절(취소사유발생일 : '04.3.29),1
윌텍정보통신,039390,2004-04-09,감사의견거절(취소사유발생일 : 2004년 3월 24일),1
월드텔레콤,047610,2004-04-08,감사의견거절(취소사유발생일 : 2004년 3월 23일),1
한빛네트,036720,2004-04-08,감사의견거절(취소사유발생일 : 2004년 3월 23일),1
넷컴스토리지,037010,2004-04-08,감사의견거절(취소사유발생일 : 2004년 3월 23일),1
엠바이엔,031970,2004-04-07,감사의견거절(취소사유발생일:2004년 3월 22일),1
바이오시스,035960,2004-04-07,감사의견거절(취소사유발생일:2004년 3월 22일),1
피코소프트,039580,2004-04-07,감사의견거절(취소사유발생일:2004년 3월 22일),1
신한에스아이티,054530,2004-04-03,감사의견거절(취소사유발생일 : 2004년 3월 20일),1
디이시스,053200,2004-04-03,감사의견거절(취소사유발생일 : 2004년 3월 22일),1
엔플렉스,040130,2004-04-03,감사의견거절(취소사유발생일 : 2004년 3월 20일),1
동서정보기술,055000,2004-04-03,감사의견거절(취소사유발생일 : 2004년 3월 19일),1
삼화기연,033210,2004-03-31,감사의견거절(취소사유발생일 : 2004년 3월 15일),1
리더컴,056140,2004-03-30,감사의견거절(취소사유발생일 : 2004년 3월 15일),1
씨모스,037600,2004-03-24,감사의견거절(취소사유발생일:2004년 3월 9일),1
미래셀렉티브-MF,052540,2004-03-08,증권투자회사법 제64조에 의한 해산사유 발생,1
미래에셋오리엔탈혼합,067700,2004-01-05,증권투자회사법 제64조에 의한 해산사유 발생,1
애드모바일,032600,2003-10-30,자본전액잠식(2년),1
화림모드,045920,2003-10-17,최종부도 및 은행거래정지 (취소사유발생일: '03.10.1),1
으뜸저축은행,032150,2003-10-15,2사업년도 연속 자본잠식률 50% 이상(취소사유 발생일 : '03.9.29),1
다산씨앤아이,037200,2003-06-19,최종부도 및 은행거래정지 (취소사유발생일: 2003년 6월 3일),1
마이다스페안,045280,2003-06-11,증권투자회사법 제64조에 의한 해산사유 발생,1
파이오니어2-MF,045070,2003-05-23,증권투자회사법 제64조에 의한 해산사유 발생,1
유리프론티어-MF,045550,2003-05-23,증권투자회사법 제64조에 의한 해산사유 발생,1
마이차익3호-MF,067410,2003-05-08,증권투자회사법 제64조에 의한 해산사유 발생,1
이론테크,034980,2003-04-30,최종부도 및 은행거래정지 (취소사유발생일 : 2003년 4월 15일),1
테라,032780,2003-04-25,사업보고서 미제출 (취소사유발생일 : 2003년 4월 10일),1
벨로체피아노,040750,2003-04-24,감사의견 거절(취소사유발생일: '03.4.9),1
코리아링크,037410,2003-04-16,감사의견거절 및 최종부도 (취소사유발생일 : 2003년 4월 1일),1
어플라이드,053960,2003-04-15,감사의견거절(취소사유발생일: 2003년 4월 1일),1
올에버,034970,2003-04-15,감사의견거절(취소사유발생일 : 2003년 3월 31일),1
리타워텍,020860,2003-04-11,감사의견거절(취소사유발생일 : 2003년 3월 27일),1
KTB벤처2-MF,039370,2003-04-05,증권투자회사법 제64조의 규정에 의한 해산사유의 발생,1
스탠더드텔레,027890,2003-04-05,감사의견부적정(취소사유발생일:2003년 3월 21일),1
뉴씨앤씨,045240,2003-04-04,감사의견거절(취소사유발생일:2003년 3월 20일),1
태영텔스타,060840,2003-04-02,감사의견거절 (취소사유발생일 : 2003년 3월 18일),1
시스컴,037280,2003-03-29,최종부도 및 은행거래정지 (취소사유발생일 : 2003년 3월 14일),1
화인썬트로닉스,038520,2003-03-07,최종부도 및 은행거래정지 (취소사유발생일: 2003.2.20),1
유리크레디트회사채혼,051990,2003-01-21,증권투자회사법 제64조의 규정에 의한 해산사유의 발생,1
벤처코스닥,038280,2003-01-10,증권투자회사법 제64조의 규정에 의한 해산사유의 발생,1
KTB벤처1-MF,038370,2003-01-10,증권투자회사법 제64조의 규정에 의한 해산사유의 발생,1
티케이지애강,022220,2002-12-05,최종부도 및 은행거래정지,1
소프트윈,049790,2002-11-28,최종부도 및 은행거래정지,1
글로벌파워,064910,2002-11-27,증권투자회사법 제64조의 규정에 의한 해산사유의 발생,1
심스밸리,042470,2002-11-16,최종부도 및 은행거래정지,1
코닉스,017210,2002-11-14,최종부도 및 은행거래정지,1
유니씨앤티,040780,2002-10-18,최종부도 및 은행거래정지,1
아이씨켐,020490,2002-10-11,최종부도 및 은행거래정지,1
마이다스차익거래안정,060580,2002-09-14,증권투자회사법 제64조의 규정에 의한 해산사유 발생,1
미래에셋프리미어혼합,063680,2002-08-19,증권투자회사법 제64조의 규정에 의한 해산사유 발생,1
옵셔널벤처스,022780,2002-07-31,감사범위 제한으로 인한 한정의견,1
디지텔,037740,2002-07-08,최종부도 및 은행거래정지,1
유리세이프롱숏채권혼,058910,2002-07-03,증권투자회사법 64조에 의한 해산사유 발생,1
한빛전자통신,044570,2002-06-07,감사의견거절 및 법정제출기한 익일로부터 30일이내에 사업보고서 미제출,1
미래에셋P.B.2호펀드,066030,2002-05-21,증권투자회사법 64조에 의한 해산사유 발생,1
파이오니어,035030,2002-05-18,증권투자회사법 64조에 의한 해산사유 발생,1
마이다스차익거래혼합,053530,2002-04-23,증권투자회사법 64조에 의한 해산사유 발생,1
세이에이스혼합형펀드,052520,2002-04-23,증권투자회사법 64조에 의한 해산사유 발생,1
삼한콘트롤스,033070,2002-04-18,최종부도 또는 당좌거래정지(1년),1
유리세이프전환혼합형,052530,2002-03-28,증권투자회사법 64조에 의한 해산사유 발생,1
다임알짜2호-MF,051960,2002-01-23,증권투자회사법 64조에 의한 해산사유 발생,1
세이플러스혼합형펀드,051070,2001-11-19,증권투자회사법 64조에 의한 해산사유 발생,1
다임알짜1호-MF,050350,2001-10-30,증권투자회사법 64조에 의한 해산사유 발생,1
크린4호,049850,2001-10-16,증권투자회사법 64조에 의한 해산사유 발생,1
세이플러스,049990,2001-09-11,증권투자회사법 64조에 의한 해산사유 발생,1
하나에프앤아이,025080,2001-08-24,자본전액잠식(2년),1
마이다스차익,048660,2001-08-14,증권투자회사법 64조에 의한 해산사유 발생,1
에스이아이채,035930,2001-08-07,증권투자회사법 64조에 의한 해산사유 발생,1
미래주식1,047890,2001-07-10,증권투자회사법 64조에 의한 해산사유 발생,1
미래한아름2,046820,2001-07-03,증권투자회사법 64조에 의한 해산사유 발생,1
KTB더블채권1-MF,045800,2001-06-19,증권투자회사법 64조에 의한 해산사유 발생,1
플래티넘성2-MF,044740,2001-06-19,증권투자회사법 64조에 의한 해산사유 발생,1
세이채권혼합,045790,2001-06-19,증권투자회사법 64조에 의한 해산사유 발생,1
유리뉴앙상블,046520,2001-06-19,증권투자회사법 64조에 의한 해산사유 발생,1
실크성장삼호,045860,2001-06-12,증권투자회사법 64조에 의한 해산사유 발생,1
미래한아름1-MF,044890,2001-06-05,증권투자회사법 64조에 의한 해산사유 발생,1
그린에셋일호,045080,2001-05-29,증권투자회사법 64조에 의한 해산사유 발생,1
풍연,017090,2001-05-25,자본전액잠식(2년),1
보성인터,033300,2001-05-25,자본전액잠식(2년),1
다임채권형일,044750,2001-05-08,증권투자회사법 64조에 의한 해산사유 발생,1
KTB전환32,044400,2001-05-08,증권투자회사법 64조에 의한 해산사유 발생,1
세이우량채권,044240,2001-05-08,증권투자회사법 64조에 의한 해산사유 발생,1
미래알바1,044410,2001-05-02,증권투자회사법 64조에 의한 해산사유 발생,1
리젠트코스,043350,2001-04-24,증권투자회사법 64조에 의한 해산사유 발생,1
플래티넘성1,043380,2001-04-24,증권투자회사법 64조에 의한 해산사유 발생,1
실크성장2호,043400,2001-04-24,증권투자회사법 64조에 의한 해산사유 발생,1
KTB코스닥1,042310,2001-04-03,증권투자회사법 64조에 의한 해산사유 발생,1
마이다스30,043040,2001-04-03,증권투자회사법 64조에 의한 해산사유 발생,1
KTB드림1,042300,2001-04-03,증권투자회사법 64조에 의한 해산사유 발생,1
바이킹성장일,043700,2001-04-03,증권투자회사법 64조에 의한 해산사유 발생,1
옵티멈성장1,045090,2001-04-03,증권투자회사법 64조에 의한 해산사유 발생,1
실크성장1호,042460,2001-04-03,증권투자회사법 64조에 의한 해산사유 발생,1
마이다스코코,040860,2001-03-13,증권투자회사법 64조에 의한 해산사유 발생,1
미래하이4,040950,2001-03-13,증권투자회사법 64조에 의한 해산사유 발생,1
미래아이티3,040940,2001-03-13,증권투자회사법 64조에 의한 해산사유 발생,1
미래아이티2,040260,2001-02-27,증권투자회사법 64조에 의한 해산사유 발생,1
미래하이3,040270,2001-02-27,증권투자회사법 64조에 의한 해산사유 발생,1
한가족주식,040380,2001-02-27,증권투자회사법 64조에 의한 해산사유 발생,1
미래하이2호,039210,2001-02-20,증권투자회사법 64조에 의한 해산사유 발생,1
미래아이티1,039220,2001-02-20,증권투자회사법 64조에 의한 해산사유 발생,1
옵티멈전환2,039380,2001-02-06,증권투자회사법 64조에 의한 해산사유 발생,1
CJ프론티어,039720,2001-02-06,증권투자회사법 64조에 의한 해산사유 발생,1
플래티넘이천,039520,2001-02-06,증권투자회사법 64조에 의한 해산사유 발생,1
마이다스테3,040520,2001-02-06,증권투자회사법 64조에 의한 해산사유 발생,1
박현주7성장,038940,2001-02-06,증권투자회사법 64조에 의한 해산사유 발생,1
KTB전환형41,038760,2001-02-06,증권투자회사법 64조에 의한 해산사유 발생,1
미래하이1호,038580,2001-02-06,증권투자회사법 64조에 의한 해산사유 발생,1
월드그랜드2,039160,2001-01-30,증권투자회사법 64조에 의한 해산사유 발생,1
마이다스하전,039920,2001-01-30,증권투자회사법 64조에 의한 해산사유 발생,1
유리앙상블,039280,2001-01-30,증권투자회사법 64조에 의한 해산사유 발생,1
동원장보고2,039180,2001-01-30,증권투자회사법 64조에 의한 해산사유 발생,1
징기스칸1호,039170,2001-01-26,증권투자회사법 64조에 의한 해산사유 발생,1
리젠트빅히트,039270,2001-01-16,증권투자회사법 64조에 의한 해산사유 발생,1
박현주6호,038480,2001-01-16,증권투자회사법 64조에 의한 해산사유 발생,1
글로벌하이1,038770,2001-01-09,증권투자회사법 64조에 의한 해산사유 발생,1
KTB자산배분2,038380,2001-01-09,증권투자회사법 64조에 의한 해산사유 발생,1
마이다스테2,039050,2001-01-09,증권투자회사법 64조에 의한 해산사유 발생,1
박현주3성장,037770,2000-12-19,증권투자회사법 64조에 의한 해산사유 발생,1
박현주4성장,037780,2000-12-19,증권투자회사법 64조에 의한 해산사유 발생,1
박현주5호,038030,2000-12-19,증권투자회사법 64조에 의한 해산사유 발생,1
KTB전환형1,037360,2000-11-28,증권투자회사법 64조에 의한 해산사유 발생,1
마이다스전이,038310,2000-11-28,증권투자회사법 64조에 의한 해산사유 발생,1
월드그랜드1,038020,2000-11-28,증권투자회사법 64조에 의한 해산사유 발생,1
박현주자산1,037490,2000-11-28,증권투자회사법 64조에 의한 해산사유 발생,1
알바트로스 4,037180,2000-11-07,증권투자회사법 64조에 의한 해산사유 발생,1
리젠트프로1,037430,2000-11-07,증권투자회사법 64조에 의한 해산사유 발생,1
이글5호,037190,2000-11-07,증권투자회사법 64조에 의한 해산사유 발생,1
엘리트1호,037670,2000-11-07,증권투자회사법 64조에 의한 해산사유 발생,1
실크자산3,037040,2000-10-24,증권투자회사법 64조에 의한 해산사유 발생,1
알바트로스3,036780,2000-10-17,증권투자회사법 64조에 의한 해산사유 발생,1
유리피아이일,036960,2000-10-04,증권투자회사법 64조에 의한 해산사유 발생,1
유리배분일,037530,2000-10-04,증권투자회사법 64조에 의한 해산사유 발생,1
유리중립일,036950,2000-10-04,증권투자회사법 64조에 의한 해산사유 발생,1
유리아이피일,037520,2000-10-04,증권투자회사법 64조에 의한 해산사유 발생,1
리젠트성장1,036970,2000-09-26,증권투자회사법 64조에 의한 해산사유 발생,1
실크자산2,036650,2000-09-26,증권투자회사법 64조에 의한 해산사유 발생,1
호크아이즈증권투자회,034760,2000-09-19,증권투자회사법 64조에 의한 해산사유 발생,1
미래에셋실크로드자산,036300,2000-09-19,증권투자회사법 64조에 의한 해산사유 발생,1
미래에셋크린채권형이,036310,2000-09-05,증권투자회사법 64조에 의한 해산사유 발생,1
교보그로쓰,035970,2000-09-05,증권투자회사법 64조에 의한 해산사유 발생,1
교보성공파트너크린앤,035980,2000-09-05,증권투자회사법 64조에 의한 해산사유 발생,1
마이다스하이테크성장,036400,2000-09-05,증권투자회사법 64조에 의한 해산사유 발생,1
마이다스전환형일호펀,036040,2000-08-22,증권투자회사법 64조에 의한 해산사유 발생,1
박현주드림팔호자산배,035860,2000-08-22,증권투자회사법 64조에 의한 해산사유 발생,1
미래에셋크린채권형일,035820,2000-08-22,증권투자회사법 64조에 의한 해산사유 발생,1
다임마이스터보험형일,036440,2000-08-22,증권투자회사법 64조에 의한 해산사유 발생,1
리젠트뮤추얼원자산배,036330,2000-08-22,증권투자회사법 64조에 의한 해산사유 발생,1
에스이아이주,035940,2000-08-22,증권투자회사법 64조에 의한 해산사유 발생,1
다임마이스터전환형일,036430,2000-08-22,증권투자회사법 64조에 의한 해산사유 발생,1
박현주드림칠호자산배,035790,2000-08-08,증권투자회사법 64조에 의한 해산사유 발생,1
박현주드림육호자산배,035700,2000-08-01,증권투자회사법 64조에 의한 해산사유 발생,1
삼성프라임성장형뮤추,035530,2000-07-19,증권투자회사법 64조에 의한 해산사유 발생,1
삼성그랑프리전환형뮤,035520,2000-07-19,증권투자회사법 64조에 의한 해산사유 발생,1
플러스3호,035410,2000-07-19,증권투자회사법 64조에 의한 해산사유 발생,1
인베스티움사파이어성,034340,2000-07-19,증권투자회사법 64조에 의한 해산사유 발생,1
인베스티움사파이어전,034330,2000-07-19,증권투자회사법 64조에 의한 해산사유 발생,1
마이다스자산배분형일,035880,2000-07-19,증권투자회사법 64조에 의한 해산사유 발생,1
챌린지성장2,035680,2000-07-19,증권투자회사법 64조에 의한 해산사유 발생,1
챌린지전환1,035670,2000-07-19,증권투자회사법 64조에 의한 해산사유 발생,1
미래에셋박현주드림오,035540,2000-07-19,증권투자회사법 64조에 의한 해산사유 발생,1
미래에셋드림사호펀드,035470,2000-07-04,증권투자회사법 64조에 의한 해산사유 발생,1
미래에셋실크로드이호,035310,2000-06-29,증권투자회사법 64조에 의한 해산사유 발생,1
미래에셋알바트로스이,035320,2000-06-15,증권투자회사법 64조에 의한 해산사유 발생,1
미래에셋드림삼호펀드,035330,2000-06-15,증권투자회사법 64조에 의한 해산사유 발생,1
미래에셋실크로드펀드,035300,2000-06-15,증권투자회사법 64조에 의한 해산사유 발생,1
동신특강,024920,2000-06-07,"자본전액잠식(2년) , 기타 등록취소",1
엘티삼보,011870,2000-06-07,"보고서미제출 , 기타 등록취소",1
삼경정밀,013320,2000-06-07,자본전액잠식(2년),1
동양기공,018720,2000-06-07,"자본전액잠식(2년) , 기타 등록취소",1
금강정공,022770,2000-06-07,"자본전액잠식(2년) , 기타 등록취소",1
대륭산업,027610,2000-06-07,"최종부도 또는 당좌거래정지(1년) , 주식분산기준미달 , 기타 등록취소",1
정일이엔씨,010810,2000-06-07,"최종부도 또는 당좌거래정지(1년) , 자본전액잠식(2년)",1
삼산,012010,2000-06-07,"최종부도 또는 당좌거래정지(1년) , 보고서미제출 , 기타 등록취소 , 주식분산기준미달",1
에스씨옵티콤,014090,2000-06-07,자본전액잠식(2년),1
두원중공업,013900,2000-06-07,자본전액잠식(2년),1
교하산업,013850,2000-06-07,"최종부도 또는 당좌거래정지(1년) , 기타 등록취소 , 자본전액잠식(2년)",1
아진산업,013310,2000-06-07,"최종부도 또는 당좌거래정지(1년) , 자본전액잠식(2년) , 기타 등록취소 , 주식분산기준미달",1
주화산업,017740,2000-06-07,"최종부도 또는 당좌거래정지(1년) , 자본전액잠식(2년) , 기타 등록취소",1
라인건설,017620,2000-06-07,"최종부도 또는 당좌거래정지(1년) , 기타 등록취소",1
동호전기,022510,2000-06-07,"자본전액잠식(2년) , 기타 등록취소",1
삼주건설,025150,2000-06-07,"주식분산기준미달 , 자본전액잠식(2년)",1
플러스2호,035160,2000-05-25,증권투자회사법 64조에 의한 해산사유 발생,1
미래에셋드림이호펀드,034960,2000-04-19,증권투자회사법 64조에 의한 해산사유 발생,1
미래에셋이글사호펀드,034570,2000-04-19,증권투자회사법 64조에 의한 해산사유 발생,1
하이프로증권투자회사,034920,2000-03-30,증권투자회사법 64조에 의한 해산사유 발생,1
미래에셋드림펀드,034820,2000-03-30,증권투자회사법 64조에 의한 해산사유 발생,1
교보성공파트너일호펀,034650,2000-02-24,증권투자회사법 64조에 의한 해산사유 발생,1
한빛세이프티일호증권,034430,2000-01-27,증권투자회사법 64조에 의한 해산사유 발생,1
동원뮤추얼장보고1호,034470,2000-01-27,증권투자회사법 64조에 의한 해산사유 발생,1
한빛세이프티이호증권,034440,2000-01-27,증권투자회사법 64조에 의한 해산사유 발생,1
트윈스챌린지펀드,034350,2000-01-27,증권투자회사법 64조에 의한 해산사유 발생,1
미래에셋이글삼호펀드,034560,2000-01-27,증권투자회사법 64조에 의한 해산사유 발생,1
미래에셋이글이호펀드,034460,2000-01-27,증권투자회사법 64조에 의한 해산사유 발생,1
미래에셋이글일호펀드,034450,2000-01-27,증권투자회사법 64조에 의한 해산사유 발생,1
삼성프라임증권투자회,034270,2000-01-11,증권투자회사법 64조에 의한 해산사유 발생,1
삼성라이프에머랄드일,034320,2000-01-11,증권투자회사법 64조에 의한 해산사유 발생,1
박현주 5호,034290,2000-01-11,증권투자회사법 64조에 의한 해산사유 발생,1
삼성다이나믹증권투자,034260,2000-01-11,증권투자회사법 64조에 의한 해산사유 발생,1
미래에셋박현주사호펀,034280,2000-01-11,증권투자회사법 64조에 의한 해산사유 발생,1
박현주1호,034160,1999-12-22,증권투자회사법 제64조의 규정에 의한 해산사유의 발생,1
박현주2호,034170,1999-12-22,증권투자회사법 제64조의 규정에 의한 해산사유의 발생,1
한국종합철관,014340,1999-06-24,최종부도 또는 당좌거래정지(1년),1
